iso3,period,admin_level,service,admin_name,pop_total,pop_covered,pop_coverage_pct,area_coverage_pct,tiles,tests,devices,d_median_pop,d_mean_pop,d_median_tile,d_p10_pop,d_p90_pop,divide_ratio,u_median_pop,lat_median_pop,pct_above_bb,pct_above_hi,density
ZWE,2026Q2,ADM2,fixed,Beitbridge,103346.24087615886,2686.9513914883137,2.5999507758662674,0.055620364492245056,22.0,57.0,23.0,90.37592049869116,86.90395483836708,80.34299999999999,42.57275542683635,109.00271852457088,2.560386741043767,36.875873645416256,24.0,100.0,92.54081741959152,8.12655491068635
ZWE,2026Q2,ADM2,fixed,Beitbridge Urban,64751.155410737316,47988.68147659302,74.11247130987152,8.24576897190564,23.0,159.0,51.0,21.106281706550064,37.6909788397078,29.893,9.571538696514233,97.74956031528089,10.212523128687696,10.51313439879371,32.00450853319809,88.82911907851346,40.59747005276441,724.2082500991056
ZWE,2026Q2,ADM2,fixed,Bikita,196183.56811685688,6290.698276132345,3.2065367841537507,0.09548774976994075,15.0,23.0,16.0,32.097979426758066,83.414558849023,42.014,15.673749172472268,245.579,15.668172132759993,16.515157808233738,34.0,94.03519176812239,83.58535910679691,37.876263654623024
ZWE,2026Q2,ADM2,fixed,Bindura,188642.69784437175,7175.032577514648,3.8035040102288904,0.2125562090801865,14.0,36.0,16.0,42.36610006556463,48.10356120762003,30.6545,5.864411123637843,127.56253377144232,21.751976640463102,19.5419904735426,46.89473553124406,83.21845897532907,73.86725483810402,84.1335921634709
ZWE,2026Q2,ADM2,fixed,Bindura Urban,55599.70596456528,41916.98875427246,75.39066624019007,39.282535959859594,23.0,85.0,39.0,37.78971354107091,62.91340432149344,40.765,14.61933547768043,142.25347110574222,9.730501863297606,16.33549215723567,39.0,96.35333754760764,53.92830933019413,2786.2344907468496
ZWE,2026Q2,ADM2,fixed,Binga,176833.5070449882,1312.0150680541992,0.7419493567587333,0.015273911692968581,6.0,14.0,7.0,16.311562099703707,30.855257418795897,61.1625,4.065960060817606,90.27282904026421,22.2020943860702,6.9486112930116715,33.0,29.27769379822073,29.27769379822073,13.256618924281614
ZWE,2026Q2,ADM2,fixed,Bubi,82016.88641667942,2475.4446425437927,3.0182133834824194,0.04907751121047867,9.0,18.0,11.0,24.294205902017186,55.91876934352803,27.916,13.883683003953298,128.7804393513172,9.275668373777169,12.57481569601687,36.551811045390764,99.59474734897957,38.97675599717371,13.49083190332567
ZWE,2026Q2,ADM2,fixed,Buhera,299360.4354352347,5331.575019836426,1.7809885304599273,0.030995074849191923,5.0,11.0,5.0,33.71350332703845,59.64677354984477,34.006,6.851,181.88941360717786,26.5493232531277,17.8863768912707,31.0,71.76759347859779,71.76759347859779,55.887646344216854
ZWE,2026Q2,ADM2,fixed,Bulawayo,736268.8014893336,488476.39221286774,66.34484460359745,22.164264149402147,367.0,2482.0,760.0,23.972917310535756,36.4022814984122,30.678,4.010686529481293,96.67149472378001,24.103478048752578,10.82704681343236,36.0,75.86480437514511,46.60794064003409,1349.422229363287
ZWE,2026Q2,ADM2,fixed,Bulilima,94448.89140128397,172.2154655456543,0.1823372016236425,0.015353101279826769,3.0,6.0,3.0,32.05342293213581,37.651665289090985,77.206,16.784,118.27970460817241,7.047170198294353,19.744446688065967,68.89064540673064,100.0,23.205716587997262,14.671243994795274
ZWE,2026Q2,ADM2,fixed,Centenary/ Muzarabani,148632.22095031478,1182.6226654052734,0.7956704527752458,0.016131548040853542,2.0,61.0,2.0,83.41534721523212,83.41534721523213,124.774,67.843,174.50494721523216,2.5721879518186426,18.903060713681924,54.358818863336445,100.0,100.0,34.83462097781284
ZWE,2026Q2,ADM2,fixed,Chegutu,198276.26806427137,2925.3587263524532,1.4753952930989183,0.20920641734097506,33.0,123.0,40.0,60.087594877133576,87.59712449249156,63.419,4.645198642164779,263.91134409020424,56.81379084516716,14.18288259674918,38.0,84.65603859709785,76.44358476460218,37.204139310893794
ZWE,2026Q2,ADM2,fixed,Chegutu Urban,73148.93997643888,48475.273906707764,66.26927734335118,20.49538865529463,25.0,121.0,41.0,41.19799828173215,46.236026205907166,41.361,4.8337635104425125,100.2996105448677,20.749796784262966,13.767370397325688,43.42344507291107,85.59546653025278,58.988203938539186,1775.626797756184
ZWE,2026Q2,ADM2,fixed,Chikomba,137550.1760878911,11337.30453979969,8.242304635477485,0.08223540402350894,16.0,108.0,21.0,20.66534469125394,44.468869362233555,21.4215,3.5333143140494236,141.66933096323643,40.09530949452203,9.425321981422986,31.291893525368973,60.30898589693937,30.298943548291895,21.14875669516657
ZWE,2026Q2,ADM2,fixed,Chimanimani,168887.5659952119,3105.3387908935547,1.8387018443865748,0.039656307746058564,4.0,6.0,4.0,188.8307083274617,192.73629946064023,231.5895,155.731,239.77417498426937,1.539668884064633,27.98597218772713,30.0,100.0,100.0,50.50107431704589
ZWE,2026Q2,ADM2,fixed,Chinhoyi,114815.49284438824,73718.81930351257,64.20633442163174,9.317722211457488,41.0,294.0,76.0,40.88107709863278,63.697489499106666,55.57,11.90499516516865,159.47671338709011,13.39578144925949,18.013519750398448,46.94137234517606,97.53295043687216,74.15316420182208,766.0814075612549
ZWE,2026Q2,ADM2,fixed,Chipinge,417986.25716683426,7002.418106079102,1.6752747216002772,0.043956504709296136,7.0,27.0,9.0,112.93645065462283,101.38420310733981,127.538,43.561,191.83447529047328,4.403812476538033,29.62301876818265,32.063409470055426,100.0,100.0,80.05508503728535
ZWE,2026Q2,ADM2,fixed,Chipinge Urban,34886.62290224433,5608.6405029296875,16.076765351136558,4.590739191792097,4.0,13.0,4.0,183.17917823040167,168.57617299503144,190.789,68.25,265.93649583011427,3.896505433408268,32.964859746998464,31.72247832569919,100.0,100.0,1215.640289143712
ZWE,2026Q2,ADM2,fixed,Chiredzi,336339.99484577717,2082.4952875379563,0.6191637389103393,0.05040380771435298,27.0,101.0,35.0,116.934183348464,117.43831346813066,93.365,19.551198771117836,149.0091455924761,7.6214838454100855,58.4706443542099,22.0,100.0,80.5855214292421,19.332270088075106
ZWE,2026Q2,ADM2,fixed,Chiredzi Urban,44108.150530695915,19499.362899780273,44.20807189866236,16.047886282122718,11.0,28.0,15.0,87.76082825951974,74.33538865412706,85.293,7.011124609574916,135.99208230425992,19.3966146484601,23.358586019981193,28.795612235040654,74.09093488544562,74.09093488544562,1975.416984373038
ZWE,2026Q2,ADM2,fixed,Chirumhanzu,104873.71682997329,5064.163154631853,4.8288201350221405,0.11236371060086185,16.0,71.0,24.0,24.420320205964167,45.22484100275395,49.759,7.886415576757964,95.35339633462696,12.090840941180266,19.4075108007267,30.24969088205004,79.77655822836228,13.640130995889393,22.080137113952876
ZWE,2026Q2,ADM2,fixed,Chitungwiza,395585.54931640625,302058.63665771484,76.35734853805678,45.45018721724121,66.0,581.0,125.0,17.65031405614493,28.35113896358091,18.16,3.6479068250697857,66.9247741831938,18.346075542078438,11.84926187720968,39.15239788789969,67.81645587152634,28.685199787799696,8055.52275866521
ZWE,2026Q2,ADM2,fixed,Chivi,191037.6279745208,6905.939310669899,3.6149628656355404,0.15766125245150456,17.0,34.0,19.0,47.695727731764244,64.58359140200103,52.501,14.997596503294162,168.0033892425074,11.202020884186753,7.246207285880157,11.579639132400668,99.50605016065809,57.75723780737816,53.935516404360776
ZWE,2026Q2,ADM2,fixed,Epworth,216417.02781677246,39790.03240966797,18.385814097472885,15.295444059120165,16.0,50.0,19.0,16.75108857370034,21.100998014310093,10.2045,2.532879402948472,68.06877172396783,26.874067373571123,4.442434462088923,49.160122793321676,70.38687058748775,39.02558044733117,6109.745381224537
ZWE,2026Q2,ADM2,fixed,Gokwe North,275153.66448700766,24.56609344482422,0.008928136025600412,0.004674623446429571,1.0,11.0,1.0,161.573,161.573,161.573,161.573,161.573,1.0,25.572,32.0,100.0,100.0,37.85709891136651
ZWE,2026Q2,ADM2,fixed,Gokwe South,355948.8868277089,1059.027106076479,0.29752224132929606,0.018213004558374605,6.0,14.0,6.0,70.07535236126857,85.67002016805627,92.5935,31.037471111303024,170.0817859905838,5.479885438496454,25.05335666661873,33.929625036562506,100.0,100.0,31.998156514106995
ZWE,2026Q2,ADM2,fixed,Gokwe South Urban,33325.540477752686,15336.0830078125,46.01900760784508,10.689378209153123,6.0,26.0,8.0,91.99442828045329,82.04369071132093,91.2385,13.218973020095774,141.68348984761766,10.718191922491052,17.425802705314016,31.6030978211,87.86549019625323,87.86549019625323,1759.818389609126
ZWE,2026Q2,ADM2,fixed,Goromonzi,432435.34067411674,76287.9169498682,17.6414621503747,1.1835624315307625,88.0,299.0,125.0,20.925905073334818,30.118425178807403,31.055,3.8586191916885424,59.47716348809033,15.414105547446615,9.570891574389474,50.0,61.201777204838734,42.848549557132515,171.55758273719417
ZWE,2026Q2,ADM2,fixed,Guruve,169685.7339070313,5960.62615041621,3.5127444206252267,0.09163837343742316,8.0,15.0,8.0,36.16468227760167,44.95993078374167,70.1575,3.2932126953320298,144.90175110539246,44.00011918780215,42.610442686815546,11.155359461348533,64.48964831015873,60.3896161602828,56.67749743443834
ZWE,2026Q2,ADM2,fixed,Gutu,230602.763973946,8922.313529968262,3.8691268813136706,0.0941184747927858,20.0,86.0,21.0,42.388586958849814,51.33440997415623,54.086,18.583082946225773,88.1788079279306,4.745111894678366,26.665125053447138,30.0,90.92900321515177,88.43132224256104,32.69546779866646
ZWE,2026Q2,ADM2,fixed,Gwanda,138681.2832748391,4200.186754226685,3.028661586511814,0.051738842229464274,17.0,134.0,20.0,86.13167097136142,111.23533527458156,41.673,2.073110211861508,246.95176054165145,119.12138540859631,19.43378437163563,31.31709396857986,76.09900940078819,70.90647164661543,12.94590485893685
ZWE,2026Q2,ADM2,fixed,Gwanda Urban,28856.76849181205,26429.83164215088,91.58971369108845,25.984921606510675,18.0,106.0,33.0,31.908679609322768,55.33825783627304,64.813,4.571536703684006,119.85063871884229,26.2167070915694,16.657109749252914,28.0,73.11400544689644,73.11400544689644,1277.1710505591896
ZWE,2026Q2,ADM2,fixed,Gweru,135314.53522023678,11230.590199321508,8.299618500734379,0.25407476923309463,45.0,140.0,62.0,15.681633743030236,35.055485080028426,27.078,8.856182905411131,97.96938784628173,11.06225886396524,8.760756544736767,36.0,86.59521704088152,34.98021825349978,22.981058357541578
ZWE,2026Q2,ADM2,fixed,Gweru Urban,177836.45315812065,125247.11100244522,70.42825516267106,20.442468682530656,101.0,436.0,166.0,55.232340600957514,72.29028466553576,50.951,7.2101360309303315,147.2463179107577,20.42212758248867,19.232430726139988,31.44227911675204,86.59110296058128,77.9604998696226,1082.7332362769305
ZWE,2026Q2,ADM2,fixed,Harare,1656949.3609052151,1372074.5403404236,82.8072705608118,49.0010810244907,955.0,8791.0,2438.0,17.81181254380251,33.506754637751655,23.796,3.714183139766149,72.50548945924045,19.521247803576404,9.71187224083017,41.0,68.12538664301346,39.9061874015802,2508.5253450260147
ZWE,2026Q2,ADM2,fixed,Harare Rural,388668.4641391025,173759.05856323242,44.706240561118676,13.361390364967676,77.0,1243.0,152.0,34.803413403396995,49.181732074164934,33.278,7.350246079810306,88.58106972176553,12.051442735377318,11.307462442880349,43.0,82.38848296195329,65.59115596041246,1992.6704924806977
ZWE,2026Q2,ADM2,fixed,Hurungwe,432969.57287730096,3134.607743211255,0.7239787596112603,0.06250541522469158,36.0,105.0,38.0,86.3091307653551,99.21289865217358,67.4445,2.234,242.35099348434474,108.48298723560642,24.977573880156484,53.794408963325644,68.97909719894777,64.0565185451781,21.818679554678962
ZWE,2026Q2,ADM2,fixed,Hwange,76648.4235967486,2687.6225860574714,3.506429043077514,0.08113779519582172,65.0,141.0,97.0,140.06090588942124,152.30751081150947,63.972,36.10670659456605,340.57721856528406,9.432519625496386,29.890381640768233,31.0,99.7335292898178,94.53234600347089,2.8415114038029
ZWE,2026Q2,ADM2,fixed,Hwange Urban,44488.043588850625,12308.087936401367,27.666057986613644,1.8490942380669386,17.0,61.0,22.0,84.07197719683043,92.32131867185349,92.212,1.640086842640029,210.4196942573061,128.29789788362422,19.684683962266934,31.0,76.39836315522382,76.39836315522382,143.63749412125998
ZWE,2026Q2,ADM2,fixed,Hwedza,83015.76306015802,415.57757902145386,0.5006008060424649,0.052508002916227155,4.0,5.0,4.0,111.55520934410896,77.75042820730543,70.78399999999999,9.661,117.338,12.145533588655418,12.872810276110009,36.48258202288822,78.20702472245252,78.20702472245252,32.446245724403944
ZWE,2026Q2,ADM2,fixed,Insiza,136015.08648205723,782.9906544685367,0.5756645639245517,0.06006517697607101,15.0,46.0,17.0,102.66833265717482,101.13912213390277,78.793,37.16337778594869,160.96799969393055,4.331360852640038,19.717203826110445,27.723657411509848,99.8360797438292,99.8360797438292,16.541240285743136
ZWE,2026Q2,ADM2,fixed,Kadoma Urban,130210.32799480548,64420.73215484619,49.474364397128426,7.017997800138006,53.0,217.0,69.0,24.41000643626089,41.03674062351591,29.905,4.778244982067736,123.89028376446734,25.927989090014194,11.194372645053411,34.40429604331136,60.715614769208756,48.945747860819765,511.74557412589485
ZWE,2026Q2,ADM2,fixed,Kariba,58203.09568983711,3843.921807531434,6.604325357564485,0.1214572130647197,29.0,63.0,36.0,118.46284797910944,138.70565693052922,137.73,20.084593830018022,279.32003230767566,13.907178540509475,20.234849109482038,45.46960144924753,94.43033798115067,87.7448361179495,7.104364625425637
ZWE,2026Q2,ADM2,fixed,Kariba Urban,23316.941638946533,12662.288242340088,54.30509900659585,20.00805497317255,14.0,79.0,23.0,35.99265333057918,61.17638941197332,51.92,12.674715828392921,176.73102353339038,13.943588631588186,21.089515250254767,48.113366968689725,100.0,56.90023446214656,969.5910533718231
ZWE,2026Q2,ADM2,fixed,Karoi,41021.689933776855,22996.00946044922,56.05817190265126,24.238110376685512,12.0,186.0,24.0,59.61424523108291,61.14314858450478,49.266,3.6075390900887707,131.49274474990486,36.449430336365175,28.64564558573744,50.20164309261243,75.52743930852324,75.52743930852324,2418.3364189965214
ZWE,2026Q2,ADM2,fixed,Kwekwe,217940.8190816248,1697.16194576025,0.7787260564183787,0.0880354216761424,23.0,47.0,24.0,53.554188073374526,77.29756637447402,61.81,3.2546317506855096,203.89249104943443,62.64686965168622,16.228879716293157,36.669701789723334,88.51409403496444,86.20140387564149,24.921415837798964
ZWE,2026Q2,ADM2,fixed,Kwekwe Urban,132395.41180980206,79473.13970947266,60.02711017179582,21.569773611201583,56.0,714.0,111.0,42.71317369139782,58.939811476683296,43.541,16.585041052632786,111.51096761942965,6.723587072564278,13.589110822614412,36.0,90.26339795435122,78.33067641589166,1524.1654466769035
ZWE,2026Q2,ADM2,fixed,Lupane,118758.70039475607,233.230975151062,0.1963906428546271,0.01985853694072875,6.0,16.0,10.0,104.6735258016069,96.34782980283609,93.574,16.9159686917853,115.4304500399428,6.823756424661505,18.80631318477174,37.61416816716144,90.3424218678606,90.3424218678606,11.750412182802357
ZWE,2026Q2,ADM2,fixed,Makonde,231883.05707538116,914.243195772171,0.39426907998498845,0.03187461597048249,8.0,10.0,8.0,19.72772158565811,42.95977876033999,37.465500000000006,11.547,125.37009693989069,10.857373944738086,21.953749840190603,47.56027746337088,100.0,22.970022447576834,27.078461572033543
ZWE,2026Q2,ADM2,fixed,Makoni,321354.1087525282,3443.7392538413405,1.0716338021037508,0.060082694428803464,14.0,38.0,16.0,14.74958922550937,20.549453979894697,20.6215,3.4690489043674586,35.399106783548,10.20426859332576,11.38077379115931,41.08942797652735,58.52705465442952,21.77876387437864,41.0267515295491
ZWE,2026Q2,ADM2,fixed,Mangwe,72443.20670984675,176.78347712871619,0.24403044144191247,0.02281536711888578,4.0,24.0,5.0,78.64122328217564,79.39256210987145,107.011,36.118438562699964,174.38206906789304,4.8280622310173715,22.1892943423128,28.24698348081937,100.0,100.0,12.66012047496987
ZWE,2026Q2,ADM2,fixed,Marondera,152341.4493643886,5907.80716085434,3.8780037773720637,0.32605438800620196,33.0,180.0,37.0,47.58677015037142,56.735148053726675,66.485,6.878680254870737,78.84867609719687,11.462762212470157,10.362703702195438,33.5387890627083,84.1080144768666,61.36051219933886,44.61098441917165
ZWE,2026Q2,ADM2,fixed,Marondera Urban,71383.06374480575,47426.16523742676,66.43896009699887,18.780943080588074,33.0,217.0,54.0,85.98460524683543,95.1970445112043,77.837,31.548324201373042,175.84808183304315,5.573927816596671,23.626428344057867,31.096249495677363,99.56805096538808,92.70540061902864,1203.9128984574015
ZWE,2026Q2,ADM2,fixed,Masvingo,266171.8140358082,15292.976023523253,5.745527969939704,0.22113064930041812,46.0,157.0,57.0,45.660193812523794,76.90191835348413,41.775499999999994,11.67878539523539,158.01314261458023,13.529929463302327,23.889659084907308,31.0,91.27480131665763,81.35837495115487,38.85428004218366
ZWE,2026Q2,ADM2,fixed,Masvingo Urban,97242.19261091668,78534.7087020874,80.76196822948938,26.1809427752062,57.0,244.0,100.0,55.56588003889557,70.66462872385115,52.713,13.279705375182731,174.7503365731203,13.159202831389301,17.37765601662869,32.0,93.05720369058137,81.85667220668135,1354.009174055067
ZWE,2026Q2,ADM2,fixed,Matobo,106279.13820460132,699.4401848316193,0.6581161615039679,0.0632933950698798,14.0,19.0,14.0,36.421430661857464,66.70937705188992,36.463,9.887795683163242,187.17978107317674,18.930385201213557,21.701153592165237,34.0,89.29633938593525,79.57338332759367,14.668518581763111
ZWE,2026Q2,ADM2,fixed,Mazowe,329228.61433596833,26129.785526275635,7.936669046515787,0.3752198571568875,48.0,265.0,67.0,29.73010135164698,67.4904699451378,38.113,7.907079921234758,150.9478243314279,19.090211030503422,14.799875523129003,47.0,84.59634838334892,72.78773165587981,75.6432910442946
ZWE,2026Q2,ADM2,fixed,Mberengwa,230445.0426066848,5547.891372680664,2.4074683099820913,0.07099678130917428,11.0,58.0,16.0,19.861757879629184,28.465834347371413,17.421,3.3994686430794445,77.10439360594958,22.68130749283916,8.537210427712381,32.0,63.173944478246725,47.44051836078484,45.486762284433546
ZWE,2026Q2,ADM2,fixed,Mhondoro-Ngezi,155845.27025085522,7801.002956390381,5.0056077697023165,0.08600390872246101,11.0,108.0,17.0,52.120576942252924,69.37794801792833,35.628,6.462690201853131,191.74756088126074,29.66992922332537,12.153508552816666,41.33694543126375,87.22247092181851,67.2533215859936,36.28581958081523
ZWE,2026Q2,ADM2,fixed,Mount Darwin,267401.8068425294,5221.901874542236,1.952829689597935,0.05219118002865888,7.0,19.0,7.0,1.0126448937096038,34.137212203814535,22.918,0.838,175.48959039771378,209.41478567746276,0.5700708358974903,48.0,38.033793595580285,16.16131552363182,58.17870774711144
ZWE,2026Q2,ADM2,fixed,Mudzi,174379.78087290018,3070.9928789138794,1.761094585359198,0.08200626079321661,10.0,67.0,17.0,38.73080113082245,36.26932440459176,32.1935,7.895501735653373,65.42304677561368,8.286116445290068,10.730998253762044,52.323604891735464,89.84859237355364,51.51874684168987,41.94892846563251
ZWE,2026Q2,ADM2,fixed,Murehwa,227127.92331491335,5784.339305639267,2.5467319126672363,0.1333357783533406,14.0,32.0,14.0,136.9563377504835,126.85159737282086,47.9945,3.3741472430352277,216.837,64.264237563309,27.678964996464035,31.195960891692497,77.24763898785706,72.66029129935899,63.84647113704294
ZWE,2026Q2,ADM2,fixed,Mutare,338171.09905865527,2309.237429380417,0.6828606689952187,0.14506450497260992,24.0,54.0,30.0,19.379940795591686,65.51390373197984,70.7555,12.537399808988013,156.76249547122143,12.503589090206647,16.263538317480577,36.38536998259102,100.0,49.08339979961372,61.22090837444696
ZWE,2026Q2,ADM2,fixed,Mutare Urban,249430.38942402514,162001.35523223877,64.94852355654254,16.096719974294704,92.0,465.0,160.0,46.72878520326959,75.3789281171537,52.6575,6.457699365124237,178.87921292174187,27.700145641310833,14.534775071923889,36.10921551186446,85.99394070277616,68.92696027235077,1305.249898131032
ZWE,2026Q2,ADM2,fixed,Mutasa,219330.85579663634,8366.065600514412,3.8143587094154374,0.28936665289897023,22.0,79.0,26.0,109.3847703365906,104.93582266655689,95.1875,9.856379060785617,166.03886631277175,16.845827995127593,19.45939003667352,35.0,91.2299410700245,87.29640966660449,86.09686275613133
ZWE,2026Q2,ADM2,fixed,Mutoko,178420.77894275257,13936.440581321716,7.810996378282437,0.15132935379996998,18.0,73.0,28.0,41.05452298537549,75.37344480128769,60.286,10.701936346091014,189.68004106529236,17.72389920208924,16.457757833675444,47.825068643331804,91.13337970545341,75.0741201025181,44.060523847357295
ZWE,2026Q2,ADM2,fixed,Mvurwi,11960.37353515625,11960.37353515625,100.0,48.894281049481656,4.0,10.0,7.0,41.36780974327104,41.50619138785389,22.5335,14.269235150989394,50.094,3.5106296497276945,13.4798825637821,47.96312022258883,91.07646961837604,74.5466214204914,4276.355033198741
ZWE,2026Q2,ADM2,fixed,Mwenezi,231775.0239502142,5992.651602268219,2.5855467513857118,0.019658575116375365,8.0,24.0,10.0,31.15289252866168,27.092394350011702,82.3895,9.24,46.53330709315607,5.036072196229012,8.040767317045642,43.96675794873928,54.12093034586331,54.12093034586331,17.543050334300858
ZWE,2026Q2,ADM2,fixed,Nkayi,124407.648265118,112.06965255737305,0.09008260675304129,0.013909415588948593,2.0,2.0,2.0,75.20986976865,75.20986976865,76.029,68.369,83.689,1.2240781640802116,20.467595618132474,42.72976470764035,100.0,100.0,25.75753574257708
ZWE,2026Q2,ADM2,fixed,Norton,95497.86948013306,40608.148277282715,42.522569873384086,19.141195389139792,35.0,219.0,55.0,27.906682631119715,33.373622874369254,28.599,6.202168223399288,65.36039314124623,10.538313503761024,26.140952731126095,21.861720490878266,82.62139887639024,68.81300851667703,1542.1521371184915
ZWE,2026Q2,ADM2,fixed,Nyanga,161603.1790755247,4128.859644651735,2.554937141875239,0.2508193686264661,43.0,152.0,58.0,114.37775368716099,108.82905075533215,114.933,9.126861499474801,207.2933206567149,22.712442899308098,25.97071649867681,33.0,93.50404660144045,66.4557391448984,27.955021349074894
ZWE,2026Q2,ADM2,fixed,Plumtree,15984.778947660754,10636.869064331055,66.54373575736983,1.3171249857462317,7.0,296.0,10.0,55.26807804296743,77.86159411756815,35.767,22.687154107547222,157.36053966953645,6.936107496056022,20.940930611581777,31.357275660045605,100.0,89.16968645195263,91.67365766257586
ZWE,2026Q2,ADM2,fixed,Redcliff,45628.59939794117,20229.555125802755,44.33525331201716,5.631286452818575,19.0,115.0,26.0,30.821566444542356,44.81376404616216,83.134,25.363819563339842,88.2996069891094,3.4813213667840155,19.589084128513203,32.10020227222164,97.4078239590969,96.16366250213892,404.62136607068925
ZWE,2026Q2,ADM2,fixed,Rusape,39811.48740386963,27926.59585571289,70.14707984258447,35.795776188621375,18.0,60.0,26.0,70.7323119119276,81.01663793875073,56.1445,3.6761279743872755,156.18988453836425,42.4876080557009,19.83102093825463,34.0,80.0432253485909,78.05452050842345,2355.320259213042
ZWE,2026Q2,ADM2,fixed,Rushinga,85044.04684671001,1083.216796875,1.273712666599079,0.029500247535751853,2.0,5.0,2.0,27.105,27.105,27.105,7.811,46.399,5.940212520803994,11.6965,51.0,50.0,50.0,36.54200180954518
ZWE,2026Q2,ADM2,fixed,Ruwa,104816.42320251465,72586.72540283203,69.25129019389263,41.06561582256294,49.0,481.0,100.0,35.42187894558103,47.87016286110576,31.853,5.787307795275523,94.28617951966787,16.291889571976547,13.061468254749503,31.939087065517636,76.86120827743656,60.18916073295356,2593.8288165729523
ZWE,2026Q2,ADM2,fixed,Sanyati,153467.2158007588,4725.104496955872,3.078901557118435,0.07687425986897457,11.0,43.0,14.0,134.3349571444115,96.47143426187397,43.284,3.2716660341399733,178.470950357192,54.550479326080385,23.618167709105492,45.76043206047236,82.20855661661174,81.59141853039804,31.75470328946936
ZWE,2026Q2,ADM2,fixed,Seke,237650.16103574377,28069.611799895763,11.811316128531448,0.3842872693357802,30.0,170.0,38.0,25.845087457936515,44.20586187901277,24.3385,8.095630041629256,89.90498028381828,11.105371641429995,12.239471054887508,40.0,82.53737881244952,53.01511733980511,90.10230188619907
ZWE,2026Q2,ADM2,fixed,Shamva,183180.32532110662,6875.624497413635,3.7534732430248634,0.20238957586096257,16.0,81.0,21.0,34.83367710623269,53.4781392822416,34.923500000000004,0.3839907439195775,144.14932282928524,375.3979102670133,9.216349429433706,48.68295210095089,55.18816237988064,55.18816237988064,67.96218004078368
ZWE,2026Q2,ADM2,fixed,Shurugwi,109822.64752993769,2642.6154239177704,2.4062572550870187,0.10521509245657075,11.0,21.0,12.0,52.81285700800201,56.60108722361734,56.2,1.164,156.48640614705053,134.43849325347983,19.15495281815775,31.494611012289894,72.2478233441178,57.084861781126605,31.701742364136706
ZWE,2026Q2,ADM2,fixed,Shurugwi Town,24942.269812928527,2695.3684844970703,10.806428222903588,1.2405696923410285,5.0,14.0,5.0,41.49742092963042,51.94252645016108,49.348,27.792,98.21619148628992,3.5339734990749103,42.18206837647511,9.635360274192472,100.0,100.0,186.68420938418615
ZWE,2026Q2,ADM2,fixed,Tsholotsho,128124.54596319071,404.96358371153474,0.31607025856534776,0.025578406197992034,6.0,29.0,7.0,0.7859191468380069,3.8475024291034834,44.728,0.664,29.970374146621545,45.13610564250232,0.3606876777086307,44.06566545732083,27.492901576544103,0.01352612180807546,16.539774711258982
ZWE,2026Q2,ADM2,fixed,Umguza,125179.99985381098,8729.816998541355,6.973811318690127,0.15282224382100726,28.0,89.0,31.0,31.924192725116242,69.2837483353858,54.373999999999995,15.421033173396944,155.6293320285697,10.092017200056882,13.025376143696132,40.54104094187296,97.50537586718411,52.66300207938791,20.713591900383673
ZWE,2026Q2,ADM2,fixed,Umzingwane,79082.724168713,2474.265033721924,3.1287048590326654,0.14210106411257936,12.0,31.0,13.0,22.262180487489303,27.49173385375422,27.083,3.904,70.54855329452803,18.070838446344272,13.96949382689821,31.43037126500743,72.48243277636553,37.08509761078401,28.44552705890459
ZWE,2026Q2,ADM2,fixed,Uzumba Maramba Pfungwe,136758.67993107194,1200.0301666259766,0.8774800745596598,0.02552272712093416,2.0,3.0,2.0,41.102005475364365,41.102005475364365,35.0775,30.11240547536437,41.946,1.3929807113655186,17.26523526789189,49.77120983528336,100.0,100.0,51.16045966360067
ZWE,2026Q2,ADM2,fixed,Victoria Falls,39042.97545301914,36744.942905426025,94.11409473553478,47.98560990813232,39.0,422.0,226.0,74.85072723078345,72.40693387130948,64.854,19.140420340612494,121.82957502897312,6.365041773428189,15.42370254522674,36.0,96.73288687891632,81.21646941800822,1419.205125852821
ZWE,2026Q2,ADM2,fixed,Zaka,219791.1884293258,1841.4592666625977,0.8378221528451865,0.05258300717347895,5.0,11.0,7.0,53.2332183218548,84.2420107834089,60.584,4.961208630842144,256.2016427937231,51.64097337108639,15.433772785415213,38.25890737505274,67.32680432470413,67.32680432470413,70.34638581403931
ZWE,2026Q2,ADM2,fixed,Zvimba,390319.98978754797,40292.287365198135,10.32288594471662,0.4582014507759388,82.0,384.0,122.0,21.14064152718747,33.119537930621675,29.802,0.8793691794110405,83.7818126939983,95.27490234546468,8.572103567413212,47.0,64.87508726009867,47.46517830119233,64.2643660995676
ZWE,2026Q2,ADM2,fixed,Zvishavane,95665.90849885944,2188.1672973632812,2.287301016316977,0.11960687430734246,9.0,23.0,12.0,92.18515233608166,109.8455294421319,85.369,7.876,277.2961791211262,35.20774239729891,23.77299885610664,30.538632542764045,74.79593632257928,74.79593632257928,38.6504482594044
ZWE,2026Q2,ADM2,fixed,Zvishavane Urban,64447.56223990427,23773.148376464844,36.887583564402256,12.627767153516864,24.0,189.0,54.0,59.26288243319318,72.28044685976701,55.2645,29.55988149293926,107.11045471435936,3.623507582056579,19.481673107194474,31.0,96.56654861734793,93.49985257877707,1031.0866599110705
ZWE,2026Q2,ADM2,mobile,Beitbridge,103346.24087615886,270.71369218826294,0.2619482720350348,0.03038781538998598,12.0,139.0,26.0,74.0235936731002,72.70924031628252,74.5915,57.52786726588124,81.537,1.417347867654363,36.0828334298704,35.15178990069091,100.0,100.0,8.12655491068635
ZWE,2026Q2,ADM2,mobile,Beitbridge Urban,64751.155410737316,32194.354919433594,49.72012424367487,4.301880605128547,12.0,25.0,16.0,43.987366366883805,66.74375981729968,46.170500000000004,26.340745963397556,151.653485483011,5.7573724637011,12.196195323943963,29.30879057371946,96.40090359169584,93.71356480548985,724.2082500991056
ZWE,2026Q2,ADM2,mobile,Bikita,196183.56811685688,2673.461471557617,1.362734655720589,0.031878096622284,5.0,6.0,6.0,3.6292783941695896,4.261142548017978,4.192,0.176,10.433922590226883,59.28365108083457,3.373613873140712,31.567417837888637,9.172359515538252,3.8778857840891265,37.876263654623024
ZWE,2026Q2,ADM2,mobile,Bindura,188642.69784437175,5099.065002441406,2.7030280316750352,0.1823888979711432,12.0,69.0,14.0,10.116589122540566,32.92976720199456,12.5185,0.745,94.15589622672503,126.38375332446313,6.663518418243056,27.917104304695158,49.887018901056145,41.53184521278655,84.1335921634709
ZWE,2026Q2,ADM2,mobile,Bindura Urban,55599.70596456528,32850.145080566406,59.08330720580143,23.909664492157184,14.0,71.0,26.0,6.671262686213827,17.23948556542148,7.827500000000001,0.3004315091390142,40.05702038505161,133.3316219055992,1.4477743455050383,20.174333092656813,47.80989425850326,32.276386038359306,2786.2344907468496
ZWE,2026Q2,ADM2,mobile,Binga,176833.5070449882,1049.5358821749687,0.593516409708459,0.010164714357155404,4.0,9.0,4.0,69.5191168149273,67.9013373944216,56.954,45.894696435335426,83.90087946784092,1.8281171025078102,13.953544851633293,31.70140154085712,95.45358333413132,95.45358333413132,13.256618924281614
ZWE,2026Q2,ADM2,mobile,Buhera,299360.4354352347,2348.3996348381042,0.7844722805215756,0.06835899255751052,11.0,25.0,11.0,33.86930439601027,48.35570393168669,56.189,0.112,108.119,965.3482142857142,9.635052156586745,24.227258627964186,59.88754625964561,59.88754625964561,55.887646344216854
ZWE,2026Q2,ADM2,mobile,Bulawayo,736268.8014893336,412885.92697143555,56.078150552657505,13.407359903063645,222.0,2092.0,487.0,31.872724090398112,48.17466185779795,39.483999999999995,0.8672839132496758,122.41329131626054,141.14558041043696,14.118660982823336,27.0,68.7669682472204,59.96860024278254,1349.422229363287
ZWE,2026Q2,ADM2,mobile,Bulilima,94448.89140128397,976.5621485710144,1.033958296473704,0.07663690093885264,15.0,185.0,34.0,48.12375318935229,45.57046634898179,48.591,0.301,71.8251462788762,238.6217484348047,33.559051644245386,29.821100642030423,76.80255102708989,76.80255102708989,14.671243994795274
ZWE,2026Q2,ADM2,mobile,Centenary/ Muzarabani,148632.22095031478,161.7415008544922,0.10881994484127343,0.008065774020426771,1.0,1.0,1.0,0.926,0.9259999999999999,0.926,0.926,0.926,1.0,0.853,35.0,0.0,0.0,34.83462097781284
ZWE,2026Q2,ADM2,mobile,Chegutu,198276.26806427137,852.9096508026123,0.4301622474184057,0.03169936150123676,5.0,5.0,5.0,82.61144911728076,96.73976704654768,46.434,0.5203167280880434,201.912,388.0559457351028,24.592170227005298,19.304920444602065,81.33789231236838,81.33789231236838,37.204139310893794
ZWE,2026Q2,ADM2,mobile,Chegutu Urban,73148.93997643888,53368.72032928467,72.95897978354111,16.39687852517043,20.0,62.0,24.0,3.1721751842486445,30.257187123004407,3.1485000000000003,0.7227841214855615,133.47625141151886,184.66959558710397,12.748535580340997,19.0,19.20886180480729,19.000129359864808,1775.626797756184
ZWE,2026Q2,ADM2,mobile,Chikomba,137550.1760878911,1324.2391948699951,0.9627317336357604,0.0205549777819104,4.0,4.0,4.0,13.666283408979407,13.50285853583805,15.265,8.763628152094697,16.171151609292657,1.8452576180365894,30.423827967884844,19.784095624315903,88.29963561285183,0.0,21.14875669516657
ZWE,2026Q2,ADM2,mobile,Chimanimani,168887.5659952119,4305.9349365234375,2.5495867094475826,0.03962148375780626,4.0,5.0,4.0,8.7554060184299,30.777530365534105,10.638,5.804,109.207,18.815816678152995,1.047439587157902,28.88867770251748,41.519223997560374,22.408147434816346,50.50107431704589
ZWE,2026Q2,ADM2,mobile,Chinhoyi,114815.49284438824,54829.975524902344,47.75485796086293,6.817475142100347,30.0,157.0,45.0,16.31827077341007,53.926948683112165,17.727,0.6651065371290237,187.46372025935204,281.85517626777744,13.234259538843391,18.0,67.3599179561123,41.162695753954985,766.0814075612549
ZWE,2026Q2,ADM2,mobile,Chipinge,417986.25716683426,7233.833514690399,1.7306390797923052,0.08771971513906893,14.0,43.0,15.0,2.005404786980859,12.879469782450546,22.8495,0.5010523358188901,53.677187425591626,107.12890368600883,1.4691439527491619,47.02074516343909,18.93531628666215,18.849941836027163,80.05508503728535
ZWE,2026Q2,ADM2,mobile,Chipinge Urban,34886.62290224433,16618.00701904297,47.63432409496391,10.330112764621179,9.0,25.0,12.0,14.00055693349706,23.3276542134751,9.858,0.339,73.95870022094638,218.16725728892737,1.8959932947899107,20.971290383039406,55.26828247227332,26.027834553748853,1215.640289143712
ZWE,2026Q2,ADM2,mobile,Chiredzi,336339.99484577717,1407.9915323257446,0.4186215002385769,0.011211371579605363,6.0,8.0,7.0,30.81147227027756,34.64364688681114,17.685000000000002,3.4536230856838883,83.7434606850542,24.248002346345007,13.873230990379803,27.98885317028683,84.92072360834271,69.46911542000812,19.332270088075106
ZWE,2026Q2,ADM2,mobile,Chiredzi Urban,44108.150530695915,9503.485412597656,21.545871450638025,7.294448079907421,5.0,8.0,7.0,72.82292612789624,73.24739191821618,64.06,35.039333516701504,174.60959848293268,4.983245426163856,11.137885785868464,31.370489667523156,95.09785565476481,95.09785565476481,1975.416984373038
ZWE,2026Q2,ADM2,mobile,Chirumhanzu,104873.71682997329,6334.009918212891,6.039654271510102,0.09120297503038574,13.0,24.0,13.0,45.52884561035885,41.29328557083213,57.871,0.261,89.48440933805519,342.85214305768267,19.451725305962373,24.0,60.6116480113447,60.6116480113447,22.080137113952876
ZWE,2026Q2,ADM2,mobile,Chitungwiza,395585.54931640625,288114.8640136719,72.83250475442046,44.07225824220395,64.0,243.0,102.0,8.411665831802292,21.77571476549684,15.9895,0.3235133250575032,56.30073933403981,174.02912020403667,7.799503545168718,21.210826424444278,48.23277000269913,35.9552881493343,8055.52275866521
ZWE,2026Q2,ADM2,mobile,Chivi,191037.6279745208,2650.782600402832,1.3875709348507899,0.0463380200404439,5.0,9.0,5.0,47.98677310869206,49.08324158511446,23.657,18.530283000184074,90.26767131703147,4.871359564024726,44.23942520012909,22.535242164801936,100.0,69.40227212907845,53.935516404360776
ZWE,2026Q2,ADM2,mobile,Epworth,216417.02781677246,80157.53378295898,37.03845976982164,17.207114215456116,18.0,56.0,24.0,43.870359715923314,55.11647645229774,29.3075,1.4962747949717665,133.0229243533098,88.9027368504325,3.0065039196160934,17.92826657032463,73.25054308581478,73.25054308581478,6109.745381224537
ZWE,2026Q2,ADM2,mobile,Gokwe North,275153.66448700766,1251.9961822740788,0.45501708458372947,0.07949482377973746,17.0,49.0,19.0,56.90164936456413,71.89862522554475,75.156,21.131827291458393,139.03684887851622,6.579499584246353,12.34433355313545,28.909931982760533,95.16326412246147,95.16326412246147,37.85709891136651
ZWE,2026Q2,ADM2,mobile,Gokwe South,355948.8868277089,3789.255443122238,1.0645504406244606,0.06072015204700132,20.0,66.0,22.0,60.02440290398399,59.68688934862429,69.3545,3.581843584996914,96.403982192993,26.914626478050423,17.95864094216175,30.27240628495956,87.31967181810508,87.31967181810508,31.998156514106995
ZWE,2026Q2,ADM2,mobile,Gokwe South Urban,33325.540477752686,13174.960327148438,39.53412349289194,14.252219380494317,8.0,30.0,8.0,29.75394925079641,44.33217526163313,35.2155,0.43689663677119817,120.69837174446792,276.26299125684824,14.006689154197954,28.0,55.31286761631633,55.31286761631633,1759.818389609126
ZWE,2026Q2,ADM2,mobile,Goromonzi,432435.34067411674,52442.938495635986,12.127347966954668,0.6186712794096375,46.0,145.0,56.0,5.033308343436074,26.24566029641797,4.5175,0.18431736366481377,58.784293117874235,318.9297630405299,2.621300098634258,26.0,48.23582411689685,35.23226231765905,171.55758273719417
ZWE,2026Q2,ADM2,mobile,Guruve,169685.7339070313,591.4036102294922,0.34852877529086496,0.034361725183282114,3.0,8.0,3.0,6.971984348399633,6.122574318221522,6.226,0.94,8.611,9.160638297872342,2.676604472918887,51.061654907673415,0.0,0.0,56.67749743443834
ZWE,2026Q2,ADM2,mobile,Gutu,230602.763973946,4187.324177742004,1.8158169943770046,0.03292540150513282,7.0,11.0,9.0,12.382287370680267,15.866335831442738,23.669,8.53,22.01328633925307,2.5806900749417436,7.609757015849773,33.76239322819037,36.500837799518465,5.975387514112846,32.69546779866646
ZWE,2026Q2,ADM2,mobile,Gwanda,138681.2832748391,4773.834248274565,3.442306081646044,0.06984093248038188,23.0,103.0,32.0,14.419449740148774,23.615155699972213,43.877,1.774132997513199,46.845633126299994,26.404803468490517,13.674436534468892,28.7351327525027,59.50862377475339,43.743043709710285,12.94590485893685
ZWE,2026Q2,ADM2,mobile,Gwanda Urban,28856.76849181205,20426.46908569336,70.78571216832286,11.548502395795268,8.0,38.0,15.0,32.700114094201844,36.106058460545945,37.448,0.46787538744761653,105.76229143683241,226.0479911409608,4.435953007122112,34.139356770133595,56.82458094033206,56.82458094033206,1277.1710505591896
ZWE,2026Q2,ADM2,mobile,Gweru,135314.53522023678,3344.9893321990967,2.472010362194143,0.0790130694497649,14.0,67.0,17.0,21.506545688275512,40.37132558688689,21.864,4.777946836859252,115.68420771049666,24.212116974189865,21.29094331874064,29.839367132905377,66.4177126212717,30.56145271918303,22.981058357541578
ZWE,2026Q2,ADM2,mobile,Gweru Urban,177836.45315812065,105921.09302520752,59.560956791591735,11.131577618128777,55.0,247.0,96.0,36.68330781991399,61.91248282562442,40.971,0.957751304870923,164.29593381122652,171.54341944057057,21.66591494282028,22.0,68.4428443523263,57.132267861923836,1082.7332362769305
ZWE,2026Q2,ADM2,mobile,Harare,1656949.3609052151,1342199.758644104,81.00427148303682,37.86191486277236,738.0,4192.0,1644.0,26.406891281573756,43.20130589327372,29.9045,0.9256877312523611,101.82346218104415,109.9976360746268,12.540178368075374,20.0,69.34681729731219,50.754977892781284,2508.5253450260147
ZWE,2026Q2,ADM2,mobile,Harare Rural,388668.4641391025,160203.4546508789,41.21853698774565,11.278444389586385,65.0,212.0,92.0,23.454182031903258,45.47860876796453,13.355,0.7384024775003208,135.07868471837193,182.93368296331758,8.28539325820507,20.0,58.06487316766666,46.47118175438266,1992.6704924806977
ZWE,2026Q2,ADM2,mobile,Hurungwe,432969.57287730096,4397.598783969879,1.0156831009499396,0.048515212600638125,28.0,126.0,34.0,18.20924796613962,22.33759523299107,7.483499999999999,7.997759698912627,42.94386314852922,5.369486551886256,8.947704079190602,38.1402358903197,85.49964606114176,44.50993690201751,21.818679554678962
ZWE,2026Q2,ADM2,mobile,Hwange,76648.4235967486,1063.964108256856,1.3881095765966789,0.03000247198019796,24.0,118.0,37.0,153.96537022399676,134.5512860831819,89.9545,63.386651336380936,230.23616117231734,3.632249950395671,26.680246891255383,28.774299404219278,98.58039097472364,98.58039097472364,2.8415114038029
ZWE,2026Q2,ADM2,mobile,Hwange Urban,44488.043588850625,14445.783784866333,32.47115993315261,1.9577500145286013,18.0,78.0,22.0,101.20115267596202,97.19392697908664,59.236999999999995,18.242868342215942,157.75454702620414,8.64746398794883,18.596325845198507,26.0,95.87067782760612,87.32853315718468,143.63749412125998
ZWE,2026Q2,ADM2,mobile,Hwedza,83015.76306015802,133.34961414337158,0.1606316791266964,0.05251436491362009,4.0,9.0,4.0,7.376930599148402,6.6439135673633745,7.7415,3.869,11.110648035162232,2.8717105286022826,2.4930909368795557,23.61301707297033,10.638126536248793,0.0,32.446245724403944
ZWE,2026Q2,ADM2,mobile,Insiza,136015.08648205723,7233.880876541138,5.318440081641541,0.11183829780761745,28.0,163.0,51.0,21.722191384218835,22.648828147647052,24.8215,10.127057862129043,37.95495162070766,3.7478754577519786,11.531852042911696,37.31747507977722,90.90171897815203,37.510568566980126,16.541240285743136
ZWE,2026Q2,ADM2,mobile,Kadoma Urban,130210.32799480548,26121.342584609985,20.060883792299524,2.913129269823302,22.0,59.0,27.0,26.24952033135967,148.92845523939374,23.189500000000002,1.0277240605433031,373.749,363.66668286662355,19.640737455986002,20.399290120575834,72.70474372984869,58.10706373595382,511.74557412589485
ZWE,2026Q2,ADM2,mobile,Kariba,58203.09568983711,5048.293568611145,8.673582579719435,0.05854815403981694,14.0,48.0,15.0,12.490687746785799,50.71880371236076,20.088,6.5875987520818455,128.54099881723033,19.51257258596817,3.726652659067046,34.6493392197749,56.272183790915356,48.507834700253476,7.104364625425637
ZWE,2026Q2,ADM2,mobile,Kariba Urban,23316.941638946533,21233.120986938477,91.06306185315732,30.01235545759421,21.0,71.0,31.0,18.93312503797544,32.61498273218381,22.919,4.7909893758665,58.59152672542245,12.229525496458768,9.791602863356445,38.88533486584243,83.15212740858071,44.17859091844666,969.5910533718231
ZWE,2026Q2,ADM2,mobile,Karoi,41021.689933776855,23873.858825683594,58.19813582576493,16.158628142149094,8.0,18.0,9.0,44.018512717499036,47.7133255382873,28.8505,3.495086019193887,174.55650796998228,49.94340826273635,6.159112046983913,104.14320612731485,68.56651568698108,68.56651568698108,2418.3364189965214
ZWE,2026Q2,ADM2,mobile,Kwekwe,217940.8190816248,3840.6838014125824,1.7622599646990136,0.12634891734268708,33.0,104.0,36.0,21.71211349882985,34.54801090765769,31.538,6.631862187035867,78.0912542644543,11.77516239965135,8.517356181677966,25.0,67.30933249129639,46.22710982633015,24.921415837798964
ZWE,2026Q2,ADM2,mobile,Kwekwe Urban,132395.41180980206,57601.546295166016,43.507207317664324,11.940411176553837,31.0,114.0,48.0,51.281564570333586,54.47502299216182,38.317,5.305592996548424,117.0665939081205,22.064752042661144,29.688015375582136,21.525081383481268,86.47109209479021,77.73565276229314,1524.1654466769035
ZWE,2026Q2,ADM2,mobile,Lupane,118758.70039475607,843.5375685691833,0.7102953853193485,0.0232117783165614,7.0,115.0,16.0,47.920792487795936,44.95725448026767,51.587,29.26059478264463,61.084230693832865,2.087593610026814,21.011295777368794,27.0,100.0,94.18228545145156,11.750412182802357
ZWE,2026Q2,ADM2,mobile,Makonde,231883.05707538116,743.0897855758667,0.3204588532461434,0.04778735707546196,12.0,90.0,19.0,92.96656740265514,68.57054774688524,47.251999999999995,0.301,131.467,436.76744186046517,66.26425650242768,21.778536363088293,70.64715501250943,65.51149830230227,27.078461572033543
ZWE,2026Q2,ADM2,mobile,Makoni,321354.1087525282,2707.343299627304,0.8424797523632113,0.10767164497456554,25.0,39.0,25.0,19.991608741530033,35.113977167812635,58.941,0.357,76.06600465610431,213.07004105351348,6.593648878143604,20.95333944084078,54.75948783883516,48.59368975508117,41.0267515295491
ZWE,2026Q2,ADM2,mobile,Mangwe,72443.20670984675,620.8377933502197,0.8569993261574286,0.057044343890411436,10.0,180.0,26.0,45.6612702646903,49.363291832350455,45.8305,14.8979354212088,97.52954806457589,6.546514352970827,26.632050662825876,39.0,87.63058985912363,87.63058985912363,12.66012047496987
ZWE,2026Q2,ADM2,mobile,Marondera,152341.4493643886,2740.1423296928406,1.7986846922656214,0.16785964369576512,17.0,24.0,17.0,14.406577538426138,22.580445445844184,7.464,0.4407593420582222,59.4033834880948,134.7750979269043,1.4849512178376942,30.19060132884433,48.98700284452114,47.53086847281952,44.61098441917165
ZWE,2026Q2,ADM2,mobile,Marondera Urban,71383.06374480575,43671.37155914307,61.1788977218295,13.089989649377051,23.0,57.0,29.0,67.13438061371707,63.27295269189904,31.388,0.39231059068061747,147.44971304886005,375.8494329532383,18.40316741534552,18.85026769822195,78.6528164311089,66.68381484218968,1203.9128984574015
ZWE,2026Q2,ADM2,mobile,Masvingo,266171.8140358082,9025.256955424324,3.390763589344645,0.1489678155795581,31.0,56.0,35.0,7.18699589325852,23.036929398955166,10.416,0.7685442285321208,69.80505067283791,90.8276297984332,2.266316116738496,25.0,41.61831762538608,30.15047526887164,38.85428004218366
ZWE,2026Q2,ADM2,mobile,Masvingo Urban,97242.19261091668,77826.69248199463,80.03387253246446,15.615607328814724,34.0,98.0,46.0,12.310148027762638,37.61812097192307,17.6285,1.6030159476587242,96.56997331996718,60.242677847972686,5.485239029480429,29.31397587435317,59.752079882372186,27.438847297492693,1354.009174055067
ZWE,2026Q2,ADM2,mobile,Matobo,106279.13820460132,3220.9726560292765,3.0306725387897675,0.17599057544007474,39.0,312.0,92.0,44.035663369595795,47.06022182504427,37.078,14.57630480078888,70.09524651343482,4.808848845534652,38.6641350870553,25.0,91.50356083423941,85.73312335285136,14.668518581763111
ZWE,2026Q2,ADM2,mobile,Mazowe,329228.61433596833,11237.79552268982,3.4133714486985545,0.14063212978057343,18.0,51.0,23.0,36.06522529406396,31.984401329450716,38.678,0.16728511431457896,56.26638068381152,336.35019418406125,9.699727729534533,21.903573659787064,66.190528436209,62.34409210812436,75.6432910442946
ZWE,2026Q2,ADM2,mobile,Mberengwa,230445.0426066848,8901.913047075272,3.8629223464219766,0.14870250671685545,23.0,91.0,24.0,39.70624329908408,38.82590485283572,37.763,3.5584527718264622,67.11317389059414,18.860212062375265,16.447601280259875,22.0,76.51676342100157,53.60375559120789,45.486762284433546
ZWE,2026Q2,ADM2,mobile,Mhondoro-Ngezi,155845.27025085522,2040.9738323688507,1.3096155110024268,0.10166795248553896,13.0,30.0,13.0,34.12363177176631,41.24878335211721,38.072,0.3772125617171066,91.10141978887773,241.51215795724198,8.31555013991933,25.0,64.98078370567629,63.450599139099005,36.28581958081523
ZWE,2026Q2,ADM2,mobile,Mudzi,174379.78087290018,10272.873136520386,5.891091894425508,0.13160395845618358,16.0,94.0,21.0,36.428472845387674,33.71755887260153,25.619999999999997,0.5032829000316985,64.33664141562156,127.83395066983084,16.868858402330947,19.0,74.40035225794418,57.55369770119027,41.94892846563251
ZWE,2026Q2,ADM2,mobile,Murehwa,227127.92331491335,8292.971893310547,3.651233970828115,0.12398763179902031,13.0,44.0,16.0,11.390256095199533,18.076366729965436,23.747,0.9724197403715662,37.26983674158494,38.32690266791988,12.674583893772867,26.77878832701325,64.53184836912543,28.253927556249494,63.84647113704294
ZWE,2026Q2,ADM2,mobile,Mutare,338171.09905865527,883.187931060791,0.26116599955444547,0.02413909910465084,4.0,5.0,4.0,3.5145810613152126,19.81382726408735,31.5495,0.224,91.0941741913261,406.67042049699154,2.932791644017941,22.034746270725243,19.344293991194814,19.344293991194814,61.22090837444696
ZWE,2026Q2,ADM2,mobile,Mutare Urban,249430.38942402514,82451.75366973877,33.05601769701484,5.949016330327641,34.0,137.0,59.0,17.550212341686183,36.66959393545725,32.0845,0.2990332673754879,94.22183932897883,315.08815108075265,7.893464113462391,19.0,62.63941812983867,43.88764120981733,1305.249898131032
ZWE,2026Q2,ADM2,mobile,Mutasa,219330.85579663634,7045.743991851807,3.212381571330129,0.10529403413720952,8.0,30.0,10.0,32.906132577636676,39.12223565181849,13.102,11.531506496545415,69.187,5.999823181882341,42.18478575154725,24.365663532549213,96.41669873033692,56.62869971747524,86.09686275613133
ZWE,2026Q2,ADM2,mobile,Mutoko,178420.77894275257,9918.211181640625,5.558887950389986,0.0504451137706137,6.0,14.0,6.0,3.170709659405838,8.92756069658892,3.0180000000000002,1.055,26.085444696662517,24.72553999683651,31.163813834887627,27.17015388242951,35.85924802497812,17.92962401248906,44.060523847357295
ZWE,2026Q2,ADM2,mobile,Mvurwi,11960.37353515625,7669.693359375,64.12586811633223,12.223741825255907,1.0,3.0,1.0,0.581,0.581,0.581,0.581,0.581,1.0,0.631,29.0,0.0,0.0,4276.355033198741
ZWE,2026Q2,ADM2,mobile,Mwenezi,231775.0239502142,1091.874252319336,0.4710922832452702,0.022116780122751745,9.0,9.0,9.0,2.324143256620909,7.402778489378779,13.704,0.723,24.842052418525576,34.35968522617645,5.000278693963881,30.2422921202359,29.28256139774083,5.621119190303359,17.543050334300858
ZWE,2026Q2,ADM2,mobile,Nkayi,124407.648265118,3487.105104446424,2.802966821634032,0.17312133691059428,25.0,75.0,31.0,102.4993254459682,103.37995790220197,81.619,45.33456826712635,157.88839552977765,3.4827373804344344,51.024156221095524,27.0,97.40974864724556,97.40974864724556,25.75753574257708
ZWE,2026Q2,ADM2,mobile,Norton,95497.86948013306,64014.03103637695,67.03189441277969,18.048414238161538,33.0,139.0,77.0,24.738122912977364,35.6932802871727,38.064,0.4815246246408721,70.67194990184862,146.76705257712783,13.813536512738933,18.444876039725983,66.86871005219524,48.24599701700091,1542.1521371184915
ZWE,2026Q2,ADM2,mobile,Nyanga,161603.1790755247,2840.4903693199158,1.7576946106935323,0.040815161940670856,7.0,10.0,7.0,8.104746244717923,46.6230812500655,8.936,4.61712048002494,189.2953531105931,40.998573446272864,2.042982326821105,26.0,26.03891542699842,25.347697862406843,27.955021349074894
ZWE,2026Q2,ADM2,mobile,Plumtree,15984.778947660754,8481.123291015625,53.05749500062227,0.940848666884453,5.0,14.0,6.0,63.22109954338712,118.28266486703971,14.503,7.49937317580325,282.152,37.623411101925726,29.588018314346197,25.46257885311924,80.79278254692514,52.4706277708126,91.67365766257586
ZWE,2026Q2,ADM2,mobile,Redcliff,45628.59939794117,9834.208421230316,21.55272910190193,2.6676581243359228,9.0,12.0,9.0,14.597019642688911,26.758753855033934,12.729,8.384359956536873,61.82129361051179,7.373406429469046,4.86076742762996,38.18684084501493,90.17801679149358,14.459010409569295,404.62136607068925
ZWE,2026Q2,ADM2,mobile,Rusape,39811.48740386963,23644.226013183594,59.39046128400971,23.862153489955837,12.0,43.0,21.0,43.90957085632433,46.67890378573082,46.9435,7.667279464033951,112.36058108452067,14.654556627495733,3.6246429471707518,23.896243387799533,64.05754029964233,61.70864732608128,2355.320259213042
ZWE,2026Q2,ADM2,mobile,Ruwa,104816.42320251465,76899.21276855469,73.36561429879988,36.87624641457296,44.0,152.0,83.0,18.040581559611304,28.019513303091827,15.8095,0.5074072359738966,77.43966257902964,152.6183646758508,9.949701390443577,21.120522581761165,69.86042027800687,36.583400557724396,2593.8288165729523
ZWE,2026Q2,ADM2,mobile,Sanyati,153467.2158007588,1939.173794746399,1.263575275428181,0.03495230233544264,5.0,37.0,6.0,0.31164593187912004,3.7082167242001702,35.639,0.281,6.1708838114059406,21.96044060998555,0.42526399930309783,33.85726061250094,6.3780963671054,6.3780963671054,31.75470328946936
ZWE,2026Q2,ADM2,mobile,Seke,237650.16103574377,27159.653037548065,11.428417687233596,0.17939787128873474,14.0,31.0,15.0,43.129392755372415,49.248356739735364,7.0565,0.4342584636884399,116.51850715060364,268.31603041409045,5.1673373361960016,20.0,54.36235046150135,54.35465042660393,90.10230188619907
ZWE,2026Q2,ADM2,mobile,Shamva,183180.32532110662,5748.195995092392,3.1379985732725775,0.10119216154538507,8.0,29.0,13.0,5.386396112986651,5.820959400639414,8.193999999999999,2.1326014165595355,10.394565856906501,4.8741249894111744,0.5437821575529097,45.47718814817179,12.743600369563653,0.0,67.96218004078368
ZWE,2026Q2,ADM2,mobile,Shurugwi,109822.64752993769,1404.5625095367432,1.2789370326861396,0.06696468729489273,7.0,29.0,7.0,1.7167532412069348,5.1140080240846855,6.87,0.406,17.020815977199305,41.92319206206725,0.9686484116053605,27.449636627195257,14.282612263767817,0.5013493643180915,31.701742364136706
ZWE,2026Q2,ADM2,mobile,Shurugwi Town,24942.269812928527,570.7872314453125,2.2884333932970757,0.2481267820664439,1.0,1.0,1.0,47.082,47.082,47.082,47.082,47.082,1.0,18.024,19.0,100.0,100.0,186.68420938418615
ZWE,2026Q2,ADM2,mobile,Tsholotsho,128124.54596319071,5683.424556732178,4.435859275836955,0.11123892952077764,26.0,124.0,42.0,113.61673271001312,112.20541100644253,74.2375,36.36071813274962,132.7793866096905,3.65172618772064,42.037195635861735,26.0,97.97497582695907,96.61125953017205,16.539774711258982
ZWE,2026Q2,ADM2,mobile,Umguza,125179.99985381098,5307.482168525822,4.239880312129782,0.12570958243916877,23.0,121.0,38.0,21.097725137650215,22.33449110135633,39.32,0.4191423002773867,46.214268960358424,110.25913855455296,1.9521947834588116,25.03331507570994,57.95145203872748,35.447897812278825,20.713591900383673
ZWE,2026Q2,ADM2,mobile,Umzingwane,79082.724168713,377.0285110473633,0.4767520530059392,0.09463217190261128,8.0,81.0,13.0,49.47494443645634,51.855596094541674,26.805500000000002,7.34348417324084,103.80201647423911,14.135254332335412,3.947333605546199,24.232479910605807,74.83748139666288,72.1261816648917,28.44552705890459
ZWE,2026Q2,ADM2,mobile,Victoria Falls,39042.97545301914,25768.34185409546,65.99994379296936,27.069092355182907,22.0,300.0,49.0,67.37457520491195,83.25060171858934,82.242,0.678817465197223,207.0651476899981,305.03803792060296,26.53595571386105,29.0,83.4635080395152,76.06956456559098,1419.205125852821
ZWE,2026Q2,ADM2,mobile,Zaka,219791.1884293258,3185.5514793395996,1.4493535896976684,0.0735877361603027,7.0,16.0,7.0,1.9518880322248793,5.641261438729961,1.96,1.5081890059088952,3.6376780239756528,2.4119510285008623,15.69631735386699,186.90533459449512,2.810346717629118,2.810346717629118,70.34638581403931
ZWE,2026Q2,ADM2,mobile,Zvimba,390319.98978754797,40217.55941066891,10.30374063920206,0.25684887136071133,46.0,156.0,56.0,30.78695324888331,39.49026917416397,34.912,0.5256091028547925,75.86183903284184,144.33128844383776,6.467015706906783,22.200264767435232,70.31865478132289,53.03611698000113,64.2643660995676
ZWE,2026Q2,ADM2,mobile,Zvishavane,95665.90849885944,1019.6862258911133,1.0658825509437047,0.06647075027500765,5.0,7.0,5.0,0.4395763609922373,15.180130713802162,1.434,0.362,83.44104383223033,230.5001210835092,2.468187513376642,33.583531944831996,14.415324035581786,14.415324035581786,38.6504482594044
ZWE,2026Q2,ADM2,mobile,Zvishavane Urban,64447.56223990427,20627.741638183594,32.00701612482625,6.314531354483884,12.0,33.0,13.0,51.95300549931257,73.28727912767184,17.6755,3.1960453489969245,158.294,49.52808321373801,38.36533277108887,24.0,81.65227113409365,58.19209300832788,1031.0866599110705
